OldIO,NewIO,NIOBase,NIOType,ChunkedNIO,SingleWriteNIO,DirectNIO,S100MiB,S1MiB,INCompressor,Verifier,ITracing,Tracing,TracingLevel,Severe,Finest,Statistics,PERF
1,0,0,0,0,0,0,1,0,0,0,0,0,0,0,0,0,3451
1,0,0,0,0,0,0,1,0,0,0,0,0,0,0,0,1,3138
1,0,0,0,0,0,0,1,0,1,0,0,0,0,0,0,0,3314
1,0,0,0,0,0,0,1,0,1,0,0,0,0,0,0,1,3398
1,0,0,0,0,0,0,1,0,1,1,0,0,0,0,0,0,3269
1,0,0,0,0,0,0,1,0,1,1,0,0,0,0,0,1,3333
1,0,0,0,0,0,0,0,1,0,0,0,0,0,0,0,0,5231
1,0,0,0,0,0,0,0,1,0,0,0,0,0,0,0,1,5289
1,0,0,0,0,0,0,0,1,1,0,0,0,0,0,0,0,5235
1,0,0,0,0,0,0,0,1,1,0,0,0,0,0,0,1,5304
1,0,0,0,0,0,0,0,1,1,1,0,0,0,0,0,0,5241
1,0,0,0,0,0,0,0,1,1,1,0,0,0,0,0,1,5338
1,0,0,0,0,0,0,1,0,0,0,1,1,1,1,0,0,3269
1,0,0,0,0,0,0,1,0,0,0,1,1,1,1,0,1,3139
1,0,0,0,0,0,0,1,0,1,0,1,1,1,1,0,0,3264
1,0,0,0,0,0,0,1,0,1,0,1,1,1,1,0,1,3153
1,0,0,0,0,0,0,1,0,1,1,1,1,1,1,0,0,3161
1,0,0,0,0,0,0,1,0,1,1,1,1,1,1,0,1,3512
1,0,0,0,0,0,0,0,1,0,0,1,1,1,1,0,0,5228
1,0,0,0,0,0,0,0,1,0,0,1,1,1,1,0,1,5328
1,0,0,0,0,0,0,0,1,1,0,1,1,1,1,0,0,5220
1,0,0,0,0,0,0,0,1,1,0,1,1,1,1,0,1,5310
1,0,0,0,0,0,0,0,1,1,1,1,1,1,1,0,0,5309
1,0,0,0,0,0,0,0,1,1,1,1,1,1,1,0,1,5328
1,0,0,0,0,0,0,0,1,0,0,1,1,1,0,1,0,14638
1,0,0,0,0,0,0,0,1,0,0,1,1,1,0,1,1,14761
1,0,0,0,0,0,0,0,1,1,0,1,1,1,0,1,0,14562
1,0,0,0,0,0,0,0,1,1,0,1,1,1,0,1,1,14786
1,0,0,0,0,0,0,0,1,1,1,1,1,1,0,1,0,14580
1,0,0,0,0,0,0,0,1,1,1,1,1,1,0,1,1,14905
1,0,0,0,0,0,0,1,0,0,0,1,1,1,0,1,0,4714
1,0,0,0,0,0,0,1,0,0,0,1,1,1,0,1,1,4881
1,0,0,0,0,0,0,1,0,1,0,1,1,1,0,1,0,4768
1,0,0,0,0,0,0,1,0,1,0,1,1,1,0,1,1,4879
1,0,0,0,0,0,0,1,0,1,1,1,1,1,0,1,0,4787
1,0,0,0,0,0,0,1,0,1,1,1,1,1,0,1,1,4903
0,1,1,1,1,0,0,1,0,0,0,0,0,0,0,0,0,3182
0,1,1,1,1,0,0,1,0,0,0,0,0,0,0,0,1,3232
0,1,1,1,1,0,1,1,0,0,0,0,0,0,0,0,0,3299
0,1,1,1,1,0,1,1,0,0,0,0,0,0,0,0,1,3428
0,1,1,1,1,0,0,1,0,1,0,0,0,0,0,0,0,3268
0,1,1,1,1,0,0,1,0,1,0,0,0,0,0,0,1,3412
0,1,1,1,1,0,1,1,0,1,0,0,0,0,0,0,0,3089
0,1,1,1,1,0,1,1,0,1,0,0,0,0,0,0,1,3605
0,1,1,1,1,0,0,1,0,1,1,0,0,0,0,0,0,3271
0,1,1,1,1,0,1,1,0,1,1,0,0,0,0,0,0,3341
0,1,1,1,1,0,0,1,0,1,1,0,0,0,0,0,1,3053
0,1,1,1,1,0,1,1,0,1,1,0,0,0,0,0,1,3429
0,1,1,1,1,0,0,0,1,0,0,0,0,0,0,0,0,5194
0,1,1,1,1,0,0,0,1,0,0,0,0,0,0,0,1,5350
0,1,1,1,1,0,1,0,1,0,0,0,0,0,0,0,0,5463
0,1,1,1,1,0,1,0,1,0,0,0,0,0,0,0,1,5468
0,1,1,1,1,0,0,0,1,1,0,0,0,0,0,0,0,5231
0,1,1,1,1,0,1,0,1,1,0,0,0,0,0,0,0,5432
0,1,1,1,1,0,0,0,1,1,0,0,0,0,0,0,1,5308
0,1,1,1,1,0,1,0,1,1,0,0,0,0,0,0,1,5515
0,1,1,1,1,0,0,0,1,1,1,0,0,0,0,0,0,5263
0,1,1,1,1,0,0,0,1,1,1,0,0,0,0,0,1,5316
0,1,1,1,1,0,1,0,1,1,1,0,0,0,0,0,0,5435
0,1,1,1,1,0,1,0,1,1,1,0,0,0,0,0,1,5494
0,1,1,1,0,1,0,0,1,0,0,0,0,0,0,0,0,5207
0,1,1,1,0,1,1,0,1,0,0,0,0,0,0,0,0,5365
0,1,1,1,0,1,0,0,1,0,0,0,0,0,0,0,1,5295
0,1,1,1,0,1,1,0,1,0,0,0,0,0,0,0,1,5486
0,1,1,1,0,1,0,0,1,1,0,0,0,0,0,0,0,5256
0,1,1,1,0,1,1,0,1,1,0,0,0,0,0,0,0,5449
0,1,1,1,0,1,0,0,1,1,0,0,0,0,0,0,1,5328
0,1,1,1,0,1,1,0,1,1,0,0,0,0,0,0,1,5510
0,1,1,1,0,1,0,0,1,1,1,0,0,0,0,0,0,5235
0,1,1,1,0,1,0,0,1,1,1,0,0,0,0,0,1,5387
0,1,1,1,0,1,1,0,1,1,1,0,0,0,0,0,0,5421
0,1,1,1,0,1,1,0,1,1,1,0,0,0,0,0,1,5502
0,1,1,1,0,1,0,1,0,0,0,0,0,0,0,0,0,3249
0,1,1,1,0,1,1,1,0,0,0,0,0,0,0,0,0,3065
0,1,1,1,0,1,0,1,0,0,0,0,0,0,0,0,1,3177
0,1,1,1,0,1,1,1,0,0,0,0,0,0,0,0,1,3235
0,1,1,1,0,1,0,1,0,1,0,0,0,0,0,0,0,3263
0,1,1,1,0,1,0,1,0,1,0,0,0,0,0,0,1,3143
0,1,1,1,0,1,1,1,0,1,0,0,0,0,0,0,0,3085
0,1,1,1,0,1,1,1,0,1,0,0,0,0,0,0,1,3058
0,1,1,1,0,1,0,1,0,1,1,0,0,0,0,0,0,3216
0,1,1,1,0,1,1,1,0,1,1,0,0,0,0,0,0,3336
0,1,1,1,0,1,0,1,0,1,1,0,0,0,0,0,1,3347
0,1,1,1,0,1,1,1,0,1,1,0,0,0,0,0,1,3517
0,1,1,1,1,0,0,0,1,0,0,1,1,1,1,0,0,5216
0,1,1,1,1,0,1,0,1,0,0,1,1,1,1,0,0,5361
0,1,1,1,1,0,0,0,1,0,0,1,1,1,1,0,1,5356
0,1,1,1,1,0,1,0,1,0,0,1,1,1,1,0,1,5462
0,1,1,1,1,0,0,0,1,1,0,1,1,1,1,0,0,5233
0,1,1,1,1,0,0,0,1,1,0,1,1,1,1,0,1,5343
0,1,1,1,1,0,1,0,1,1,0,1,1,1,1,0,0,5390
0,1,1,1,1,0,1,0,1,1,0,1,1,1,1,0,1,5548
0,1,1,1,1,0,0,0,1,1,1,1,1,1,1,0,0,5274
0,1,1,1,1,0,1,0,1,1,1,1,1,1,1,0,0,5419
0,1,1,1,1,0,0,0,1,1,1,1,1,1,1,0,1,5314
0,1,1,1,1,0,1,0,1,1,1,1,1,1,1,0,1,5508
0,1,1,1,1,0,0,1,0,0,0,1,1,1,1,0,0,2986
0,1,1,1,1,0,0,1,0,0,0,1,1,1,1,0,1,3155
0,1,1,1,1,0,1,1,0,0,0,1,1,1,1,0,0,3171
0,1,1,1,1,0,1,1,0,0,0,1,1,1,1,0,1,3325
0,1,1,1,1,0,0,1,0,1,0,1,1,1,1,0,0,3157
0,1,1,1,1,0,0,1,0,1,0,1,1,1,1,0,1,2960
0,1,1,1,1,0,1,1,0,1,0,1,1,1,1,0,0,3154
0,1,1,1,1,0,1,1,0,1,0,1,1,1,1,0,1,3424
0,1,1,1,1,0,0,1,0,1,1,1,1,1,1,0,0,3195
0,1,1,1,1,0,1,1,0,1,1,1,1,1,1,0,0,3258
0,1,1,1,1,0,0,1,0,1,1,1,1,1,1,0,1,3155
0,1,1,1,1,0,1,1,0,1,1,1,1,1,1,0,1,3457
0,1,1,1,0,1,0,1,0,0,0,1,1,1,1,0,0,3165
0,1,1,1,0,1,0,1,0,0,0,1,1,1,1,0,1,3106
0,1,1,1,0,1,1,1,0,0,0,1,1,1,1,0,0,3161
0,1,1,1,0,1,1,1,0,0,0,1,1,1,1,0,1,3303
0,1,1,1,0,1,0,1,0,1,0,1,1,1,1,0,0,3178
0,1,1,1,0,1,1,1,0,1,0,1,1,1,1,0,0,3127
0,1,1,1,0,1,0,1,0,1,0,1,1,1,1,0,1,3185
0,1,1,1,0,1,1,1,0,1,0,1,1,1,1,0,1,3167
0,1,1,1,0,1,0,1,0,1,1,1,1,1,1,0,0,3532
0,1,1,1,0,1,0,1,0,1,1,1,1,1,1,0,1,3238
0,1,1,1,0,1,1,1,0,1,1,1,1,1,1,0,0,3358
0,1,1,1,0,1,1,1,0,1,1,1,1,1,1,0,1,3230
0,1,1,1,0,1,0,0,1,0,0,1,1,1,1,0,0,5186
0,1,1,1,0,1,1,0,1,0,0,1,1,1,1,0,0,5354
0,1,1,1,0,1,0,0,1,0,0,1,1,1,1,0,1,5342
0,1,1,1,0,1,1,0,1,0,0,1,1,1,1,0,1,5499
0,1,1,1,0,1,0,0,1,1,0,1,1,1,1,0,0,5230
0,1,1,1,0,1,1,0,1,1,0,1,1,1,1,0,0,5465
0,1,1,1,0,1,0,0,1,1,0,1,1,1,1,0,1,5314
0,1,1,1,0,1,1,0,1,1,0,1,1,1,1,0,1,5457
0,1,1,1,0,1,0,0,1,1,1,1,1,1,1,0,0,5241
0,1,1,1,0,1,0,0,1,1,1,1,1,1,1,0,1,5339
0,1,1,1,0,1,1,0,1,1,1,1,1,1,1,0,0,5420
0,1,1,1,0,1,1,0,1,1,1,1,1,1,1,0,1,5467
0,1,1,1,1,0,0,0,1,0,0,1,1,1,0,1,0,14685
0,1,1,1,1,0,1,0,1,0,0,1,1,1,0,1,0,16342
0,1,1,1,1,0,0,0,1,0,0,1,1,1,0,1,1,14744
0,1,1,1,1,0,1,0,1,0,0,1,1,1,0,1,1,16479
0,1,1,1,1,0,0,0,1,1,0,1,1,1,0,1,0,14594
0,1,1,1,1,0,0,0,1,1,0,1,1,1,0,1,1,14694
0,1,1,1,1,0,1,0,1,1,0,1,1,1,0,1,0,16351
0,1,1,1,1,0,1,0,1,1,0,1,1,1,0,1,1,16440
0,1,1,1,1,0,0,0,1,1,1,1,1,1,0,1,0,14785
0,1,1,1,1,0,1,0,1,1,1,1,1,1,0,1,0,16399
0,1,1,1,1,0,0,0,1,1,1,1,1,1,0,1,1,14656
0,1,1,1,1,0,1,0,1,1,1,1,1,1,0,1,1,16448
0,1,1,1,0,1,0,0,1,0,0,1,1,1,0,1,0,14653
0,1,1,1,0,1,0,0,1,0,0,1,1,1,0,1,1,14852
0,1,1,1,0,1,1,0,1,0,0,1,1,1,0,1,0,16427
0,1,1,1,0,1,1,0,1,0,0,1,1,1,0,1,1,16446
0,1,1,1,0,1,0,0,1,1,0,1,1,1,0,1,0,14627
0,1,1,1,0,1,0,0,1,1,0,1,1,1,0,1,1,14710
0,1,1,1,0,1,1,0,1,1,0,1,1,1,0,1,0,16401
0,1,1,1,0,1,1,0,1,1,0,1,1,1,0,1,1,16531
0,1,1,1,0,1,0,0,1,1,1,1,1,1,0,1,0,14667
0,1,1,1,0,1,1,0,1,1,1,1,1,1,0,1,0,16392
0,1,1,1,0,1,0,0,1,1,1,1,1,1,0,1,1,14727
0,1,1,1,0,1,1,0,1,1,1,1,1,1,0,1,1,16442
0,1,1,1,0,1,0,1,0,0,0,1,1,1,0,1,0,4705
0,1,1,1,0,1,0,1,0,0,0,1,1,1,0,1,1,4894
0,1,1,1,0,1,1,1,0,0,0,1,1,1,0,1,0,4951
0,1,1,1,0,1,1,1,0,0,0,1,1,1,0,1,1,5045
0,1,1,1,0,1,0,1,0,1,0,1,1,1,0,1,0,4759
0,1,1,1,0,1,1,1,0,1,0,1,1,1,0,1,0,4920
0,1,1,1,0,1,0,1,0,1,0,1,1,1,0,1,1,4915
0,1,1,1,0,1,1,1,0,1,0,1,1,1,0,1,1,5048
0,1,1,1,0,1,0,1,0,1,1,1,1,1,0,1,0,4668
0,1,1,1,0,1,0,1,0,1,1,1,1,1,0,1,1,4897
0,1,1,1,0,1,1,1,0,1,1,1,1,1,0,1,0,4957
0,1,1,1,0,1,1,1,0,1,1,1,1,1,0,1,1,5091
0,1,1,1,1,0,0,1,0,0,0,1,1,1,0,1,0,4669
0,1,1,1,1,0,1,1,0,0,0,1,1,1,0,1,0,4898
0,1,1,1,1,0,0,1,0,0,0,1,1,1,0,1,1,4907
0,1,1,1,1,0,1,1,0,0,0,1,1,1,0,1,1,5044
0,1,1,1,1,0,0,1,0,1,0,1,1,1,0,1,0,4698
0,1,1,1,1,0,1,1,0,1,0,1,1,1,0,1,0,4943
0,1,1,1,1,0,0,1,0,1,0,1,1,1,0,1,1,4913
0,1,1,1,1,0,1,1,0,1,0,1,1,1,0,1,1,5090
0,1,1,1,1,0,0,1,0,1,1,1,1,1,0,1,0,4792
0,1,1,1,1,0,0,1,0,1,1,1,1,1,0,1,1,4880
0,1,1,1,1,0,1,1,0,1,1,1,1,1,0,1,0,4953
0,1,1,1,1,0,1,1,0,1,1,1,1,1,0,1,1,5062
