no_8x8dct,no_cabac,no_deblock,no_fast_pskip,no_mbtree,no_mixed_refs,no_weightb,rc_lookahead_20,rc_lookahead_40,rc_lookahead_60,ref_1,ref_5,ref_9,PERF
0,0,0,0,0,0,0,1,0,0,1,0,0,268.72
0,0,1,0,0,0,0,1,0,0,1,0,0,268.017
0,0,0,1,0,0,0,1,0,0,1,0,0,276.103
0,0,1,1,0,0,0,1,0,0,1,0,0,275.427
0,1,0,0,0,0,0,1,0,0,1,0,0,260.267
0,1,0,1,0,0,0,1,0,0,1,0,0,266.483
0,1,1,0,0,0,0,1,0,0,1,0,0,259.807
0,1,1,1,0,0,0,1,0,0,1,0,0,266.19
0,0,0,0,0,0,1,1,0,0,1,0,0,268.557
0,0,1,0,0,0,1,1,0,0,1,0,0,267.853
0,1,0,0,0,0,1,1,0,0,1,0,0,260.41
0,1,1,0,0,0,1,1,0,0,1,0,0,259.903
0,0,0,1,0,0,1,1,0,0,1,0,0,275.92
0,1,0,1,0,0,1,1,0,0,1,0,0,266.527
0,0,1,1,0,0,1,1,0,0,1,0,0,275.373
0,1,1,1,0,0,1,1,0,0,1,0,0,266.113
0,0,0,0,0,1,0,1,0,0,1,0,0,268.773
0,0,1,0,0,1,0,1,0,0,1,0,0,268.17
0,0,0,1,0,1,0,1,0,0,1,0,0,276.03
0,0,1,1,0,1,0,1,0,0,1,0,0,275.69
0,0,0,0,0,1,1,1,0,0,1,0,0,268.603
0,0,0,1,0,1,1,1,0,0,1,0,0,275.957
0,0,1,0,0,1,1,1,0,0,1,0,0,268.11
0,0,1,1,0,1,1,1,0,0,1,0,0,275.31
0,1,0,0,0,1,0,1,0,0,1,0,0,260.48
0,1,1,0,0,1,0,1,0,0,1,0,0,259.963
0,1,0,0,0,1,1,1,0,0,1,0,0,260.38
0,1,1,0,0,1,1,1,0,0,1,0,0,259.84
0,1,0,1,0,1,0,1,0,0,1,0,0,266.67
0,1,0,1,0,1,1,1,0,0,1,0,0,266.51
0,1,1,1,0,1,0,1,0,0,1,0,0,266.22
0,1,1,1,0,1,1,1,0,0,1,0,0,266.273
0,0,0,0,1,0,0,1,0,0,1,0,0,305.4
0,0,1,0,1,0,0,1,0,0,1,0,0,304.9
0,0,0,1,1,0,0,1,0,0,1,0,0,310.58
0,0,1,1,1,0,0,1,0,0,1,0,0,310.177
0,1,0,0,1,0,0,1,0,0,1,0,0,295.47
0,1,0,1,1,0,0,1,0,0,1,0,0,299.66
0,1,1,0,1,0,0,1,0,0,1,0,0,295.367
0,1,1,1,1,0,0,1,0,0,1,0,0,299.637
0,0,0,0,1,1,0,1,0,0,1,0,0,305.26
0,0,1,0,1,1,0,1,0,0,1,0,0,304.967
0,1,0,0,1,1,0,1,0,0,1,0,0,295.507
0,1,1,0,1,1,0,1,0,0,1,0,0,295.257
0,0,0,1,1,1,0,1,0,0,1,0,0,310.52
0,1,0,1,1,1,0,1,0,0,1,0,0,299.77
0,0,1,1,1,1,0,1,0,0,1,0,0,310.153
0,1,1,1,1,1,0,1,0,0,1,0,0,299.637
0,0,0,0,1,0,1,1,0,0,1,0,0,305.283
0,0,1,0,1,0,1,1,0,0,1,0,0,304.997
0,0,0,1,1,0,1,1,0,0,1,0,0,310.577
0,0,1,1,1,0,1,1,0,0,1,0,0,310.217
0,0,0,0,1,1,1,1,0,0,1,0,0,305.48
0,0,0,1,1,1,1,1,0,0,1,0,0,310.793
0,0,1,0,1,1,1,1,0,0,1,0,0,304.94
0,0,1,1,1,1,1,1,0,0,1,0,0,310.29
0,1,0,0,1,0,1,1,0,0,1,0,0,295.59
0,1,1,0,1,0,1,1,0,0,1,0,0,295.333
0,1,0,0,1,1,1,1,0,0,1,0,0,295.527
0,1,1,0,1,1,1,1,0,0,1,0,0,295.41
0,1,0,1,1,0,1,1,0,0,1,0,0,299.69
0,1,0,1,1,1,1,1,0,0,1,0,0,299.843
0,1,1,1,1,0,1,1,0,0,1,0,0,299.647
0,1,1,1,1,1,1,1,0,0,1,0,0,299.703
1,0,0,0,0,0,0,1,0,0,1,0,0,254.587
1,0,1,0,0,0,0,1,0,0,1,0,0,254.177
1,0,0,1,0,0,0,1,0,0,1,0,0,261.077
1,0,1,1,0,0,0,1,0,0,1,0,0,260.497
1,1,0,0,0,0,0,1,0,0,1,0,0,244.39
1,1,0,1,0,0,0,1,0,0,1,0,0,249.497
1,1,1,0,0,0,0,1,0,0,1,0,0,244.23
1,1,1,1,0,0,0,1,0,0,1,0,0,249.363
1,0,0,0,0,0,1,1,0,0,1,0,0,254.733
1,0,1,0,0,0,1,1,0,0,1,0,0,254.033
1,1,0,0,0,0,1,1,0,0,1,0,0,244.303
1,1,1,0,0,0,1,1,0,0,1,0,0,244.353
1,0,0,1,0,0,1,1,0,0,1,0,0,261.31
1,1,0,1,0,0,1,1,0,0,1,0,0,249.64
1,0,1,1,0,0,1,1,0,0,1,0,0,260.617
1,1,1,1,0,0,1,1,0,0,1,0,0,249.463
1,0,0,0,1,0,0,1,0,0,1,0,0,287.01
1,0,1,0,1,0,0,1,0,0,1,0,0,286.287
1,0,0,1,1,0,0,1,0,0,1,0,0,291.633
1,0,1,1,1,0,0,1,0,0,1,0,0,291.01
1,0,0,0,1,0,1,1,0,0,1,0,0,287.06
1,0,0,1,1,0,1,1,0,0,1,0,0,291.62
1,0,1,0,1,0,1,1,0,0,1,0,0,286.397
1,0,1,1,1,0,1,1,0,0,1,0,0,291.15
1,1,0,0,1,0,0,1,0,0,1,0,0,275.923
1,1,1,0,1,0,0,1,0,0,1,0,0,275.387
1,1,0,0,1,0,1,1,0,0,1,0,0,275.927
1,1,1,0,1,0,1,1,0,0,1,0,0,275.433
1,1,0,1,1,0,0,1,0,0,1,0,0,279.79
1,1,0,1,1,0,1,1,0,0,1,0,0,279.777
1,1,1,1,1,0,0,1,0,0,1,0,0,279.15
1,1,1,1,1,0,1,1,0,0,1,0,0,279.15
1,0,0,0,0,1,0,1,0,0,1,0,0,254.82
1,0,1,0,0,1,0,1,0,0,1,0,0,254.11
1,0,0,1,0,1,0,1,0,0,1,0,0,261.203
1,0,1,1,0,1,0,1,0,0,1,0,0,260.637
1,1,0,0,0,1,0,1,0,0,1,0,0,244.433
1,1,0,1,0,1,0,1,0,0,1,0,0,249.73
1,1,1,0,0,1,0,1,0,0,1,0,0,244.277
1,1,1,1,0,1,0,1,0,0,1,0,0,249.44
1,0,0,0,1,1,0,1,0,0,1,0,0,287.087
1,0,1,0,1,1,0,1,0,0,1,0,0,286.43
1,1,0,0,1,1,0,1,0,0,1,0,0,275.993
1,1,1,0,1,1,0,1,0,0,1,0,0,275.417
1,0,0,1,1,1,0,1,0,0,1,0,0,291.66
1,1,0,1,1,1,0,1,0,0,1,0,0,279.753
1,0,1,1,1,1,0,1,0,0,1,0,0,291.043
1,1,1,1,1,1,0,1,0,0,1,0,0,279.153
1,0,0,0,0,1,1,1,0,0,1,0,0,254.707
1,0,1,0,0,1,1,1,0,0,1,0,0,254.013
1,0,0,1,0,1,1,1,0,0,1,0,0,261.207
1,0,1,1,0,1,1,1,0,0,1,0,0,260.55
1,0,0,0,1,1,1,1,0,0,1,0,0,287.087
1,0,0,1,1,1,1,1,0,0,1,0,0,291.61
1,0,1,0,1,1,1,1,0,0,1,0,0,286.44
1,0,1,1,1,1,1,1,0,0,1,0,0,290.917
1,1,0,0,0,1,1,1,0,0,1,0,0,244.333
1,1,1,0,0,1,1,1,0,0,1,0,0,244.28
1,1,0,0,1,1,1,1,0,0,1,0,0,276.027
1,1,1,0,1,1,1,1,0,0,1,0,0,275.47
1,1,0,1,0,1,1,1,0,0,1,0,0,249.607
1,1,0,1,1,1,1,1,0,0,1,0,0,279.81
1,1,1,1,0,1,1,1,0,0,1,0,0,249.41
1,1,1,1,1,1,1,1,0,0,1,0,0,279.267
0,0,0,0,0,0,0,0,1,0,1,0,0,270.657
0,0,1,0,0,0,0,0,1,0,1,0,0,270.07
0,0,0,1,0,0,0,0,1,0,1,0,0,278.197
0,0,1,1,0,0,0,0,1,0,1,0,0,277.813
0,1,0,0,0,0,0,0,1,0,1,0,0,262.563
0,1,0,1,0,0,0,0,1,0,1,0,0,268.787
0,1,1,0,0,0,0,0,1,0,1,0,0,262.233
0,1,1,1,0,0,0,0,1,0,1,0,0,268.397
0,0,0,0,0,0,1,0,1,0,1,0,0,270.707
0,0,1,0,0,0,1,0,1,0,1,0,0,270.153
0,1,0,0,0,0,1,0,1,0,1,0,0,262.567
0,1,1,0,0,0,1,0,1,0,1,0,0,262.29
0,0,0,1,0,0,1,0,1,0,1,0,0,278.12
0,1,0,1,0,0,1,0,1,0,1,0,0,268.873
0,0,1,1,0,0,1,0,1,0,1,0,0,277.533
0,1,1,1,0,0,1,0,1,0,1,0,0,268.207
0,0,0,0,0,1,0,0,1,0,1,0,0,270.66
0,0,1,0,0,1,0,0,1,0,1,0,0,270.137
0,0,0,1,0,1,0,0,1,0,1,0,0,278.227
0,0,1,1,0,1,0,0,1,0,1,0,0,277.853
0,0,0,0,0,1,1,0,1,0,1,0,0,270.727
0,0,0,1,0,1,1,0,1,0,1,0,0,278.077
0,0,1,0,0,1,1,0,1,0,1,0,0,270.013
0,0,1,1,0,1,1,0,1,0,1,0,0,277.563
0,1,0,0,0,1,0,0,1,0,1,0,0,262.653
0,1,1,0,0,1,0,0,1,0,1,0,0,262.17
0,1,0,0,0,1,1,0,1,0,1,0,0,262.53
0,1,1,0,0,1,1,0,1,0,1,0,0,262.277
0,1,0,1,0,1,0,0,1,0,1,0,0,268.763
0,1,0,1,0,1,1,0,1,0,1,0,0,268.883
0,1,1,1,0,1,0,0,1,0,1,0,0,268.397
0,1,1,1,0,1,1,0,1,0,1,0,0,268.263
1,0,0,0,0,0,0,0,1,0,1,0,0,256.727
1,0,1,0,0,0,0,0,1,0,1,0,0,256.333
1,0,0,1,0,0,0,0,1,0,1,0,0,263.437
1,0,1,1,0,0,0,0,1,0,1,0,0,262.793
1,1,0,0,0,0,0,0,1,0,1,0,0,246.487
1,1,0,1,0,0,0,0,1,0,1,0,0,251.87
1,1,1,0,0,0,0,0,1,0,1,0,0,246.4
1,1,1,1,0,0,0,0,1,0,1,0,0,251.573
1,0,0,0,0,1,0,0,1,0,1,0,0,256.82
1,0,1,0,0,1,0,0,1,0,1,0,0,256.34
1,1,0,0,0,1,0,0,1,0,1,0,0,246.543
1,1,1,0,0,1,0,0,1,0,1,0,0,246.273
1,0,0,1,0,1,0,0,1,0,1,0,0,263.207
1,1,0,1,0,1,0,0,1,0,1,0,0,251.823
1,0,1,1,0,1,0,0,1,0,1,0,0,262.643
1,1,1,1,0,1,0,0,1,0,1,0,0,251.587
1,0,0,0,0,0,1,0,1,0,1,0,0,256.667
1,0,1,0,0,0,1,0,1,0,1,0,0,256.273
1,0,0,1,0,0,1,0,1,0,1,0,0,263.253
1,0,1,1,0,0,1,0,1,0,1,0,0,262.61
1,0,0,0,0,1,1,0,1,0,1,0,0,256.72
1,0,0,1,0,1,1,0,1,0,1,0,0,263.073
1,0,1,0,0,1,1,0,1,0,1,0,0,256.32
1,0,1,1,0,1,1,0,1,0,1,0,0,262.51
1,1,0,0,0,0,1,0,1,0,1,0,0,246.41
1,1,1,0,0,0,1,0,1,0,1,0,0,246.2
1,1,0,0,0,1,1,0,1,0,1,0,0,246.58
1,1,1,0,0,1,1,0,1,0,1,0,0,246.237
1,1,0,1,0,0,1,0,1,0,1,0,0,251.787
1,1,0,1,0,1,1,0,1,0,1,0,0,251.86
1,1,1,1,0,0,1,0,1,0,1,0,0,251.53
1,1,1,1,0,1,1,0,1,0,1,0,0,251.637
0,0,0,0,1,0,0,0,1,0,1,0,0,305.457
0,0,1,0,1,0,0,0,1,0,1,0,0,305.173
0,0,0,1,1,0,0,0,1,0,1,0,0,310.697
0,0,1,1,1,0,0,0,1,0,1,0,0,310.287
0,1,0,0,1,0,0,0,1,0,1,0,0,295.49
0,1,0,1,1,0,0,0,1,0,1,0,0,299.813
0,1,1,0,1,0,0,0,1,0,1,0,0,295.427
0,1,1,1,1,0,0,0,1,0,1,0,0,299.707
0,0,0,0,1,0,1,0,1,0,1,0,0,305.443
0,0,1,0,1,0,1,0,1,0,1,0,0,305.04
0,1,0,0,1,0,1,0,1,0,1,0,0,295.61
0,1,1,0,1,0,1,0,1,0,1,0,0,295.503
0,0,0,1,1,0,1,0,1,0,1,0,0,310.777
0,1,0,1,1,0,1,0,1,0,1,0,0,299.907
0,0,1,1,1,0,1,0,1,0,1,0,0,310.317
0,1,1,1,1,0,1,0,1,0,1,0,0,299.627
1,0,0,0,1,0,0,0,1,0,1,0,0,287.05
1,0,1,0,1,0,0,0,1,0,1,0,0,286.427
1,0,0,1,1,0,0,0,1,0,1,0,0,291.59
1,0,1,1,1,0,0,0,1,0,1,0,0,291.067
1,0,0,0,1,0,1,0,1,0,1,0,0,287.107
1,0,0,1,1,0,1,0,1,0,1,0,0,291.577
1,0,1,0,1,0,1,0,1,0,1,0,0,286.4
1,0,1,1,1,0,1,0,1,0,1,0,0,291.2
1,1,0,0,1,0,0,0,1,0,1,0,0,276.01
1,1,1,0,1,0,0,0,1,0,1,0,0,275.56
1,1,0,0,1,0,1,0,1,0,1,0,0,275.973
1,1,1,0,1,0,1,0,1,0,1,0,0,275.453
1,1,0,1,1,0,0,0,1,0,1,0,0,279.753
1,1,0,1,1,0,1,0,1,0,1,0,0,279.89
1,1,1,1,1,0,0,0,1,0,1,0,0,279.247
1,1,1,1,1,0,1,0,1,0,1,0,0,279.157
0,0,0,0,1,1,0,0,1,0,1,0,0,305.503
0,0,1,0,1,1,0,0,1,0,1,0,0,305.03
0,0,0,1,1,1,0,0,1,0,1,0,0,310.697
0,0,1,1,1,1,0,0,1,0,1,0,0,310.25
0,1,0,0,1,1,0,0,1,0,1,0,0,295.68
0,1,0,1,1,1,0,0,1,0,1,0,0,299.75
0,1,1,0,1,1,0,0,1,0,1,0,0,295.36
0,1,1,1,1,1,0,0,1,0,1,0,0,299.69
1,0,0,0,1,1,0,0,1,0,1,0,0,287.21
1,0,1,0,1,1,0,0,1,0,1,0,0,286.28
1,1,0,0,1,1,0,0,1,0,1,0,0,275.897
1,1,1,0,1,1,0,0,1,0,1,0,0,275.523
1,0,0,1,1,1,0,0,1,0,1,0,0,291.673
1,1,0,1,1,1,0,0,1,0,1,0,0,279.74
1,0,1,1,1,1,0,0,1,0,1,0,0,291.173
1,1,1,1,1,1,0,0,1,0,1,0,0,279.26
0,0,0,0,1,1,1,0,1,0,1,0,0,305.433
0,0,1,0,1,1,1,0,1,0,1,0,0,305
0,0,0,1,1,1,1,0,1,0,1,0,0,310.753
0,0,1,1,1,1,1,0,1,0,1,0,0,310.283
1,0,0,0,1,1,1,0,1,0,1,0,0,287.037
1,0,0,1,1,1,1,0,1,0,1,0,0,291.603
1,0,1,0,1,1,1,0,1,0,1,0,0,286.337
1,0,1,1,1,1,1,0,1,0,1,0,0,291.21
0,1,0,0,1,1,1,0,1,0,1,0,0,295.58
0,1,1,0,1,1,1,0,1,0,1,0,0,295.447
1,1,0,0,1,1,1,0,1,0,1,0,0,276.01
1,1,1,0,1,1,1,0,1,0,1,0,0,275.407
0,1,0,1,1,1,1,0,1,0,1,0,0,299.84
1,1,0,1,1,1,1,0,1,0,1,0,0,279.903
0,1,1,1,1,1,1,0,1,0,1,0,0,299.733
1,1,1,1,1,1,1,0,1,0,1,0,0,279.193
0,0,0,0,0,0,0,0,0,1,1,0,0,271.967
0,0,0,1,0,0,0,0,0,1,1,0,0,279.357
0,1,0,0,0,0,0,0,0,1,1,0,0,263.823
0,1,0,1,0,0,0,0,0,1,1,0,0,269.917
0,0,0,0,0,0,1,0,0,1,1,0,0,272.003
0,1,0,0,0,0,1,0,0,1,1,0,0,263.643
0,0,0,1,0,0,1,0,0,1,1,0,0,279.333
0,1,0,1,0,0,1,0,0,1,1,0,0,269.95
0,0,0,0,0,1,0,0,0,1,1,0,0,272.13
0,0,0,1,0,1,0,0,0,1,1,0,0,279.533
0,0,0,0,0,1,1,0,0,1,1,0,0,272.053
0,0,0,1,0,1,1,0,0,1,1,0,0,279.303
0,1,0,0,0,1,0,0,0,1,1,0,0,263.887
0,1,0,0,0,1,1,0,0,1,1,0,0,263.753
0,1,0,1,0,1,0,0,0,1,1,0,0,270.09
0,1,0,1,0,1,1,0,0,1,1,0,0,270.063
0,0,0,0,1,0,0,0,0,1,1,0,0,305.383
0,0,0,1,1,0,0,0,0,1,1,0,0,310.607
0,1,0,0,1,0,0,0,0,1,1,0,0,295.577
0,1,0,1,1,0,0,0,0,1,1,0,0,299.867
0,0,0,0,1,1,0,0,0,1,1,0,0,305.35
0,1,0,0,1,1,0,0,0,1,1,0,0,295.62
0,0,0,1,1,1,0,0,0,1,1,0,0,310.673
0,1,0,1,1,1,0,0,0,1,1,0,0,299.89
0,0,0,0,1,0,1,0,0,1,1,0,0,305.5
0,0,0,1,1,0,1,0,0,1,1,0,0,310.687
0,0,0,0,1,1,1,0,0,1,1,0,0,305.433
0,0,0,1,1,1,1,0,0,1,1,0,0,310.673
0,1,0,0,1,0,1,0,0,1,1,0,0,295.607
0,1,0,0,1,1,1,0,0,1,1,0,0,295.683
0,1,0,1,1,0,1,0,0,1,1,0,0,299.85
0,1,0,1,1,1,1,0,0,1,1,0,0,299.96
0,0,1,0,0,0,0,0,0,1,1,0,0,271.337
0,0,1,1,0,0,0,0,0,1,1,0,0,279.037
0,1,1,0,0,0,0,0,0,1,1,0,0,263.367
0,1,1,1,0,0,0,0,0,1,1,0,0,269.733
0,0,1,0,0,0,1,0,0,1,1,0,0,271.38
0,1,1,0,0,0,1,0,0,1,1,0,0,263.363
0,0,1,1,0,0,1,0,0,1,1,0,0,279.083
0,1,1,1,0,0,1,0,0,1,1,0,0,269.523
0,0,1,0,1,0,0,0,0,1,1,0,0,304.96
0,0,1,1,1,0,0,0,0,1,1,0,0,310.227
0,0,1,0,1,0,1,0,0,1,1,0,0,305.147
0,0,1,1,1,0,1,0,0,1,1,0,0,310.327
0,1,1,0,1,0,0,0,0,1,1,0,0,295.353
0,1,1,0,1,0,1,0,0,1,1,0,0,295.423
0,1,1,1,1,0,0,0,0,1,1,0,0,299.813
0,1,1,1,1,0,1,0,0,1,1,0,0,299.797
0,0,1,0,0,1,0,0,0,1,1,0,0,271.417
0,0,1,1,0,1,0,0,0,1,1,0,0,279.097
0,1,1,0,0,1,0,0,0,1,1,0,0,263.403
0,1,1,1,0,1,0,0,0,1,1,0,0,269.583
0,0,1,0,1,1,0,0,0,1,1,0,0,305.027
0,1,1,0,1,1,0,0,0,1,1,0,0,295.413
0,0,1,1,1,1,0,0,0,1,1,0,0,310.263
0,1,1,1,1,1,0,0,0,1,1,0,0,299.677
0,0,1,0,0,1,1,0,0,1,1,0,0,271.403
0,0,1,1,0,1,1,0,0,1,1,0,0,279.013
0,0,1,0,1,1,1,0,0,1,1,0,0,305.103
0,0,1,1,1,1,1,0,0,1,1,0,0,310.253
0,1,1,0,0,1,1,0,0,1,1,0,0,263.373
0,1,1,0,1,1,1,0,0,1,1,0,0,295.41
0,1,1,1,0,1,1,0,0,1,1,0,0,269.493
0,1,1,1,1,1,1,0,0,1,1,0,0,299.677
1,0,0,0,0,0,0,0,0,1,1,0,0,257.973
1,0,0,1,0,0,0,0,0,1,1,0,0,264.293
1,1,0,0,0,0,0,0,0,1,1,0,0,247.73
1,1,0,1,0,0,0,0,0,1,1,0,0,252.963
1,0,0,0,0,0,1,0,0,1,1,0,0,257.927
1,1,0,0,0,0,1,0,0,1,1,0,0,247.507
1,0,0,1,0,0,1,0,0,1,1,0,0,264.287
1,1,0,1,0,0,1,0,0,1,1,0,0,253.01
1,0,0,0,0,1,0,0,0,1,1,0,0,258.113
1,0,0,1,0,1,0,0,0,1,1,0,0,264.38
1,0,0,0,0,1,1,0,0,1,1,0,0,257.877
1,0,0,1,0,1,1,0,0,1,1,0,0,264.33
1,1,0,0,0,1,0,0,0,1,1,0,0,247.717
1,1,0,0,0,1,1,0,0,1,1,0,0,247.693
1,1,0,1,0,1,0,0,0,1,1,0,0,253.127
1,1,0,1,0,1,1,0,0,1,1,0,0,253.08
1,0,1,0,0,0,0,0,0,1,1,0,0,257.463
1,0,1,1,0,0,0,0,0,1,1,0,0,263.91
1,1,1,0,0,0,0,0,0,1,1,0,0,247.483
1,1,1,1,0,0,0,0,0,1,1,0,0,252.827
1,0,1,0,0,1,0,0,0,1,1,0,0,257.407
1,1,1,0,0,1,0,0,0,1,1,0,0,247.667
1,0,1,1,0,1,0,0,0,1,1,0,0,263.847
1,1,1,1,0,1,0,0,0,1,1,0,0,252.78
1,0,1,0,0,0,1,0,0,1,1,0,0,257.45
1,0,1,1,0,0,1,0,0,1,1,0,0,263.853
1,0,1,0,0,1,1,0,0,1,1,0,0,257.53
1,0,1,1,0,1,1,0,0,1,1,0,0,263.92
1,1,1,0,0,0,1,0,0,1,1,0,0,247.517
1,1,1,0,0,1,1,0,0,1,1,0,0,247.537
1,1,1,1,0,0,1,0,0,1,1,0,0,252.737
1,1,1,1,0,1,1,0,0,1,1,0,0,252.63
1,0,0,0,1,0,0,0,0,1,1,0,0,287.113
1,0,0,1,1,0,0,0,0,1,1,0,0,291.643
1,1,0,0,1,0,0,0,0,1,1,0,0,275.97
1,1,0,1,1,0,0,0,0,1,1,0,0,279.84
1,0,0,0,1,0,1,0,0,1,1,0,0,287.107
1,1,0,0,1,0,1,0,0,1,1,0,0,275.96
1,0,0,1,1,0,1,0,0,1,1,0,0,291.53
1,1,0,1,1,0,1,0,0,1,1,0,0,279.757
1,0,1,0,1,0,0,0,0,1,1,0,0,286.353
1,0,1,1,1,0,0,0,0,1,1,0,0,291.14
1,0,1,0,1,0,1,0,0,1,1,0,0,286.327
1,0,1,1,1,0,1,0,0,1,1,0,0,291.057
1,1,1,0,1,0,0,0,0,1,1,0,0,275.453
1,1,1,0,1,0,1,0,0,1,1,0,0,275.427
1,1,1,1,1,0,0,0,0,1,1,0,0,279.223
1,1,1,1,1,0,1,0,0,1,1,0,0,279.217
1,0,0,0,1,1,0,0,0,1,1,0,0,287.053
1,0,0,1,1,1,0,0,0,1,1,0,0,291.483
1,1,0,0,1,1,0,0,0,1,1,0,0,275.987
1,1,0,1,1,1,0,0,0,1,1,0,0,279.853
1,0,1,0,1,1,0,0,0,1,1,0,0,286.47
1,1,1,0,1,1,0,0,0,1,1,0,0,275.39
1,0,1,1,1,1,0,0,0,1,1,0,0,291.277
1,1,1,1,1,1,0,0,0,1,1,0,0,279.13
1,0,0,0,1,1,1,0,0,1,1,0,0,287.063
1,0,0,1,1,1,1,0,0,1,1,0,0,291.587
1,0,1,0,1,1,1,0,0,1,1,0,0,286.457
1,0,1,1,1,1,1,0,0,1,1,0,0,291.237
1,1,0,0,1,1,1,0,0,1,1,0,0,276.073
1,1,1,0,1,1,1,0,0,1,1,0,0,275.46
1,1,0,1,1,1,1,0,0,1,1,0,0,279.927
1,1,1,1,1,1,1,0,0,1,1,0,0,279.247
0,0,0,0,0,0,0,0,1,0,0,1,0,444.6
0,0,1,0,0,0,0,0,1,0,0,1,0,446.633
0,0,0,1,0,0,0,0,1,0,0,1,0,515.543
0,0,1,1,0,0,0,0,1,0,0,1,0,518.143
0,1,0,0,0,0,0,0,1,0,0,1,0,438.197
0,1,0,1,0,0,0,0,1,0,0,1,0,507.75
0,1,1,0,0,0,0,0,1,0,0,1,0,439.607
0,1,1,1,0,0,0,0,1,0,0,1,0,509.273
0,0,0,0,0,0,1,0,1,0,0,1,0,444.333
0,0,1,0,0,0,1,0,1,0,0,1,0,446.6
0,1,0,0,0,0,1,0,1,0,0,1,0,437.933
0,1,1,0,0,0,1,0,1,0,0,1,0,439.26
0,0,0,1,0,0,1,0,1,0,0,1,0,515.663
0,1,0,1,0,0,1,0,1,0,0,1,0,507.39
0,0,1,1,0,0,1,0,1,0,0,1,0,517.123
0,1,1,1,0,0,1,0,1,0,0,1,0,508.623
0,0,0,0,0,1,0,0,1,0,0,1,0,383.053
0,0,1,0,0,1,0,0,1,0,0,1,0,382.12
0,0,0,1,0,1,0,0,1,0,0,1,0,449.28
0,0,1,1,0,1,0,0,1,0,0,1,0,448.53
0,0,0,0,0,1,1,0,1,0,0,1,0,382.883
0,0,0,1,0,1,1,0,1,0,0,1,0,449.133
0,0,1,0,0,1,1,0,1,0,0,1,0,382.01
0,0,1,1,0,1,1,0,1,0,0,1,0,448.11
0,1,0,0,0,1,0,0,1,0,0,1,0,380.663
0,1,1,0,0,1,0,0,1,0,0,1,0,379.457
0,1,0,0,0,1,1,0,1,0,0,1,0,380.277
0,1,1,0,0,1,1,0,1,0,0,1,0,379.4
0,1,0,1,0,1,0,0,1,0,0,1,0,445.837
0,1,0,1,0,1,1,0,1,0,0,1,0,445.457
0,1,1,1,0,1,0,0,1,0,0,1,0,444.607
0,1,1,1,0,1,1,0,1,0,0,1,0,444.38
0,0,0,0,1,0,0,0,1,0,0,1,0,519.583
0,0,1,0,1,0,0,0,1,0,0,1,0,521.843
0,0,0,1,1,0,0,0,1,0,0,1,0,571.397
0,0,1,1,1,0,0,0,1,0,0,1,0,573.63
0,1,0,0,1,0,0,0,1,0,0,1,0,511.58
0,1,0,1,1,0,0,0,1,0,0,1,0,562.677
0,1,1,0,1,0,0,0,1,0,0,1,0,513.233
0,1,1,1,1,0,0,0,1,0,0,1,0,564.2
0,0,0,0,1,1,0,0,1,0,0,1,0,433.223
0,0,1,0,1,1,0,0,1,0,0,1,0,432.667
0,1,0,0,1,1,0,0,1,0,0,1,0,428.383
0,1,1,0,1,1,0,0,1,0,0,1,0,427.753
0,0,0,1,1,1,0,0,1,0,0,1,0,482.877
0,1,0,1,1,1,0,0,1,0,0,1,0,476.913
0,0,1,1,1,1,0,0,1,0,0,1,0,482.257
0,1,1,1,1,1,0,0,1,0,0,1,0,476.33
0,0,0,0,1,0,1,0,1,0,0,1,0,519.153
0,0,1,0,1,0,1,0,1,0,0,1,0,521.607
0,0,0,1,1,0,1,0,1,0,0,1,0,571.31
0,0,1,1,1,0,1,0,1,0,0,1,0,573.4
0,0,0,0,1,1,1,0,1,0,0,1,0,433.153
0,0,0,1,1,1,1,0,1,0,0,1,0,482.613
0,0,1,0,1,1,1,0,1,0,0,1,0,432.797
0,0,1,1,1,1,1,0,1,0,0,1,0,482.04
0,1,0,0,1,0,1,0,1,0,0,1,0,511.343
0,1,1,0,1,0,1,0,1,0,0,1,0,513
0,1,0,0,1,1,1,0,1,0,0,1,0,428.073
0,1,1,0,1,1,1,0,1,0,0,1,0,427.477
0,1,0,1,1,0,1,0,1,0,0,1,0,562.297
0,1,0,1,1,1,1,0,1,0,0,1,0,476.953
0,1,1,1,1,0,1,0,1,0,0,1,0,564.03
0,1,1,1,1,1,1,0,1,0,0,1,0,476.127
1,0,0,0,0,0,0,0,1,0,0,1,0,425.15
1,0,1,0,0,0,0,0,1,0,0,1,0,427.07
1,0,0,1,0,0,0,0,1,0,0,1,0,493.893
1,0,1,1,0,0,0,0,1,0,0,1,0,495.1
1,1,0,0,0,0,0,0,1,0,0,1,0,418.563
1,1,0,1,0,0,0,0,1,0,0,1,0,486.637
1,1,1,0,0,0,0,0,1,0,0,1,0,420.01
1,1,1,1,0,0,0,0,1,0,0,1,0,487.373
1,0,0,0,0,0,1,0,1,0,0,1,0,424.82
1,0,1,0,0,0,1,0,1,0,0,1,0,426.75
1,1,0,0,0,0,1,0,1,0,0,1,0,418.123
1,1,1,0,0,0,1,0,1,0,0,1,0,419.82
1,0,0,1,0,0,1,0,1,0,0,1,0,493.44
1,1,0,1,0,0,1,0,1,0,0,1,0,486.57
1,0,1,1,0,0,1,0,1,0,0,1,0,494.267
1,1,1,1,0,0,1,0,1,0,0,1,0,487.057
1,0,0,0,1,0,0,0,1,0,0,1,0,492.307
1,0,1,0,1,0,0,0,1,0,0,1,0,494.233
1,0,0,1,1,0,0,0,1,0,0,1,0,543.463
1,0,1,1,1,0,0,0,1,0,0,1,0,544.74
1,0,0,0,1,0,1,0,1,0,0,1,0,492.353
1,0,0,1,1,0,1,0,1,0,0,1,0,543.217
1,0,1,0,1,0,1,0,1,0,0,1,0,493.71
1,0,1,1,1,0,1,0,1,0,0,1,0,544.75
1,1,0,0,1,0,0,0,1,0,0,1,0,485.477
1,1,1,0,1,0,0,0,1,0,0,1,0,487.01
1,1,0,0,1,0,1,0,1,0,0,1,0,485.523
1,1,1,0,1,0,1,0,1,0,0,1,0,486.827
1,1,0,1,1,0,0,0,1,0,0,1,0,535.8
1,1,0,1,1,0,1,0,1,0,0,1,0,535.86
1,1,1,1,1,0,0,0,1,0,0,1,0,537.143
1,1,1,1,1,0,1,0,1,0,0,1,0,536.877
1,0,0,0,0,1,0,0,1,0,0,1,0,369.81
1,0,1,0,0,1,0,0,1,0,0,1,0,368.987
1,0,0,1,0,1,0,0,1,0,0,1,0,433.86
1,0,1,1,0,1,0,0,1,0,0,1,0,433
1,1,0,0,0,1,0,0,1,0,0,1,0,364.76
1,1,0,1,0,1,0,0,1,0,0,1,0,428.413
1,1,1,0,0,1,0,0,1,0,0,1,0,363.937
1,1,1,1,0,1,0,0,1,0,0,1,0,427.243
1,0,0,0,1,1,0,0,1,0,0,1,0,414.847
1,0,1,0,1,1,0,0,1,0,0,1,0,414.173
1,1,0,0,1,1,0,0,1,0,0,1,0,408.75
1,1,1,0,1,1,0,0,1,0,0,1,0,408.073
1,0,0,1,1,1,0,0,1,0,0,1,0,463.39
1,1,0,1,1,1,0,0,1,0,0,1,0,456.707
1,0,1,1,1,1,0,0,1,0,0,1,0,462.57
1,1,1,1,1,1,0,0,1,0,0,1,0,455.68
1,0,0,0,0,1,1,0,1,0,0,1,0,369.463
1,0,1,0,0,1,1,0,1,0,0,1,0,368.63
1,0,0,1,0,1,1,0,1,0,0,1,0,433.693
1,0,1,1,0,1,1,0,1,0,0,1,0,432.77
1,0,0,0,1,1,1,0,1,0,0,1,0,414.687
1,0,0,1,1,1,1,0,1,0,0,1,0,463.347
1,0,1,0,1,1,1,0,1,0,0,1,0,413.88
1,0,1,1,1,1,1,0,1,0,0,1,0,462.437
1,1,0,0,0,1,1,0,1,0,0,1,0,364.347
1,1,1,0,0,1,1,0,1,0,0,1,0,363.56
1,1,0,0,1,1,1,0,1,0,0,1,0,408.617
1,1,1,0,1,1,1,0,1,0,0,1,0,407.687
1,1,0,1,0,1,1,0,1,0,0,1,0,428.16
1,1,0,1,1,1,1,0,1,0,0,1,0,456.363
1,1,1,1,0,1,1,0,1,0,0,1,0,427.06
1,1,1,1,1,1,1,0,1,0,0,1,0,455.4
0,0,0,0,0,0,0,0,0,1,0,1,0,445.577
0,0,1,0,0,0,0,0,0,1,0,1,0,447.627
0,0,0,1,0,0,0,0,0,1,0,1,0,516.767
0,0,1,1,0,0,0,0,0,1,0,1,0,518.8
0,1,0,0,0,0,0,0,0,1,0,1,0,439.107
0,1,0,1,0,0,0,0,0,1,0,1,0,508.983
0,1,1,0,0,0,0,0,0,1,0,1,0,440.673
0,1,1,1,0,0,0,0,0,1,0,1,0,510.21
0,0,0,0,0,0,1,0,0,1,0,1,0,445.487
0,0,1,0,0,0,1,0,0,1,0,1,0,447.647
0,1,0,0,0,0,1,0,0,1,0,1,0,439.02
0,1,1,0,0,0,1,0,0,1,0,1,0,440.41
0,0,0,1,0,0,1,0,0,1,0,1,0,516.587
0,1,0,1,0,0,1,0,0,1,0,1,0,508.547
0,0,1,1,0,0,1,0,0,1,0,1,0,518.567
0,1,1,1,0,0,1,0,0,1,0,1,0,509.803
0,0,0,0,0,1,0,0,0,1,0,1,0,384.197
0,0,1,0,0,1,0,0,0,1,0,1,0,383.26
0,0,0,1,0,1,0,0,0,1,0,1,0,450.157
0,0,1,1,0,1,0,0,0,1,0,1,0,449.383
0,0,0,0,0,1,1,0,0,1,0,1,0,383.89
0,0,0,1,0,1,1,0,0,1,0,1,0,450.13
0,0,1,0,0,1,1,0,0,1,0,1,0,382.98
0,0,1,1,0,1,1,0,0,1,0,1,0,449.03
0,1,0,0,0,1,0,0,0,1,0,1,0,381.403
0,1,1,0,0,1,0,0,0,1,0,1,0,380.527
0,1,0,0,0,1,1,0,0,1,0,1,0,381.213
0,1,1,0,0,1,1,0,0,1,0,1,0,380.18
0,1,0,1,0,1,0,0,0,1,0,1,0,446.64
0,1,0,1,0,1,1,0,0,1,0,1,0,446.63
0,1,1,1,0,1,0,0,0,1,0,1,0,445.667
0,1,1,1,0,1,1,0,0,1,0,1,0,445.213
1,0,0,0,0,0,0,0,0,1,0,1,0,426.417
1,0,1,0,0,0,0,0,0,1,0,1,0,428.027
1,0,0,1,0,0,0,0,0,1,0,1,0,494.597
1,0,1,1,0,0,0,0,0,1,0,1,0,495.56
1,1,0,0,0,0,0,0,0,1,0,1,0,419.7
1,1,0,1,0,0,0,0,0,1,0,1,0,487.737
1,1,1,0,0,0,0,0,0,1,0,1,0,421.113
1,1,1,1,0,0,0,0,0,1,0,1,0,488.773
1,0,0,0,0,1,0,0,0,1,0,1,0,370.77
1,0,1,0,0,1,0,0,0,1,0,1,0,369.68
1,1,0,0,0,1,0,0,0,1,0,1,0,365.903
1,1,1,0,0,1,0,0,0,1,0,1,0,365.04
1,0,0,1,0,1,0,0,0,1,0,1,0,434.97
1,1,0,1,0,1,0,0,0,1,0,1,0,429.643
1,0,1,1,0,1,0,0,0,1,0,1,0,433.913
1,1,1,1,0,1,0,0,0,1,0,1,0,428.263
1,0,0,0,0,0,1,0,0,1,0,1,0,425.873
1,0,1,0,0,0,1,0,0,1,0,1,0,427.797
1,0,0,1,0,0,1,0,0,1,0,1,0,494.32
1,0,1,1,0,0,1,0,0,1,0,1,0,495.45
1,0,0,0,0,1,1,0,0,1,0,1,0,370.557
1,0,0,1,0,1,1,0,0,1,0,1,0,434.643
1,0,1,0,0,1,1,0,0,1,0,1,0,369.617
1,0,1,1,0,1,1,0,0,1,0,1,0,433.927
1,1,0,0,0,0,1,0,0,1,0,1,0,419.397
1,1,1,0,0,0,1,0,0,1,0,1,0,420.683
1,1,0,0,0,1,1,0,0,1,0,1,0,365.443
1,1,1,0,0,1,1,0,0,1,0,1,0,364.497
1,1,0,1,0,0,1,0,0,1,0,1,0,487.583
1,1,0,1,0,1,1,0,0,1,0,1,0,429.257
1,1,1,1,0,0,1,0,0,1,0,1,0,488.26
1,1,1,1,0,1,1,0,0,1,0,1,0,428.157
0,0,0,0,1,0,0,0,0,1,0,1,0,519.413
0,0,1,0,1,0,0,0,0,1,0,1,0,521.98
0,0,0,1,1,0,0,0,0,1,0,1,0,571.51
0,0,1,1,1,0,0,0,0,1,0,1,0,573.757
0,1,0,0,1,0,0,0,0,1,0,1,0,511.373
0,1,0,1,1,0,0,0,0,1,0,1,0,562.923
0,1,1,0,1,0,0,0,0,1,0,1,0,513.523
0,1,1,1,1,0,0,0,0,1,0,1,0,564.167
0,0,0,0,1,0,1,0,0,1,0,1,0,518.96
0,0,1,0,1,0,1,0,0,1,0,1,0,521.51
0,1,0,0,1,0,1,0,0,1,0,1,0,511.407
0,1,1,0,1,0,1,0,0,1,0,1,0,512.773
0,0,0,1,1,0,1,0,0,1,0,1,0,571.473
0,1,0,1,1,0,1,0,0,1,0,1,0,562.187
0,0,1,1,1,0,1,0,0,1,0,1,0,573.24
0,1,1,1,1,0,1,0,0,1,0,1,0,564.147
1,0,0,0,1,0,0,0,0,1,0,1,0,492.367
1,0,1,0,1,0,0,0,0,1,0,1,0,494.34
1,0,0,1,1,0,0,0,0,1,0,1,0,543.523
1,0,1,1,1,0,0,0,0,1,0,1,0,544.823
1,0,0,0,1,0,1,0,0,1,0,1,0,492.36
1,0,0,1,1,0,1,0,0,1,0,1,0,543.083
1,0,1,0,1,0,1,0,0,1,0,1,0,493.703
1,0,1,1,1,0,1,0,0,1,0,1,0,544.58
1,1,0,0,1,0,0,0,0,1,0,1,0,485.59
1,1,1,0,1,0,0,0,0,1,0,1,0,486.973
1,1,0,0,1,0,1,0,0,1,0,1,0,485.437
1,1,1,0,1,0,1,0,0,1,0,1,0,487.117
1,1,0,1,1,0,0,0,0,1,0,1,0,535.707
1,1,0,1,1,0,1,0,0,1,0,1,0,535.553
1,1,1,1,1,0,0,0,0,1,0,1,0,537.113
1,1,1,1,1,0,1,0,0,1,0,1,0,536.85
0,0,0,0,1,1,0,0,0,1,0,1,0,433.223
0,0,1,0,1,1,0,0,0,1,0,1,0,432.757
0,0,0,1,1,1,0,0,0,1,0,1,0,482.817
0,0,1,1,1,1,0,0,0,1,0,1,0,482.377
0,1,0,0,1,1,0,0,0,1,0,1,0,428.373
0,1,0,1,1,1,0,0,0,1,0,1,0,476.863
0,1,1,0,1,1,0,0,0,1,0,1,0,427.793
0,1,1,1,1,1,0,0,0,1,0,1,0,476.31
1,0,0,0,1,1,0,0,0,1,0,1,0,414.997
1,0,1,0,1,1,0,0,0,1,0,1,0,414.243
1,1,0,0,1,1,0,0,0,1,0,1,0,408.683
1,1,1,0,1,1,0,0,0,1,0,1,0,407.99
1,0,0,1,1,1,0,0,0,1,0,1,0,463.31
1,1,0,1,1,1,0,0,0,1,0,1,0,456.617
1,0,1,1,1,1,0,0,0,1,0,1,0,462.74
1,1,1,1,1,1,0,0,0,1,0,1,0,455.72
0,0,0,0,1,1,1,0,0,1,0,1,0,433.213
0,0,1,0,1,1,1,0,0,1,0,1,0,432.677
0,0,0,1,1,1,1,0,0,1,0,1,0,482.64
0,0,1,1,1,1,1,0,0,1,0,1,0,482.08
1,0,0,0,1,1,1,0,0,1,0,1,0,414.67
1,0,0,1,1,1,1,0,0,1,0,1,0,463.5
1,0,1,0,1,1,1,0,0,1,0,1,0,413.913
1,0,1,1,1,1,1,0,0,1,0,1,0,462.5
0,1,0,0,1,1,1,0,0,1,0,1,0,428.02
0,1,1,0,1,1,1,0,0,1,0,1,0,427.52
1,1,0,0,1,1,1,0,0,1,0,1,0,408.607
1,1,1,0,1,1,1,0,0,1,0,1,0,407.763
0,1,0,1,1,1,1,0,0,1,0,1,0,476.9
1,1,0,1,1,1,1,0,0,1,0,1,0,456.437
0,1,1,1,1,1,1,0,0,1,0,1,0,476.093
1,1,1,1,1,1,1,0,0,1,0,1,0,455.513
0,0,0,0,0,0,0,1,0,0,0,1,0,442.25
0,0,0,1,0,0,0,1,0,0,0,1,0,514.17
0,1,0,0,0,0,0,1,0,0,0,1,0,436.117
0,1,0,1,0,0,0,1,0,0,0,1,0,505.857
0,0,0,0,0,0,1,1,0,0,0,1,0,442.547
0,1,0,0,0,0,1,1,0,0,0,1,0,435.977
0,0,0,1,0,0,1,1,0,0,0,1,0,513.53
0,1,0,1,0,0,1,1,0,0,0,1,0,505.637
0,0,0,0,0,1,0,1,0,0,0,1,0,381.123
0,0,0,1,0,1,0,1,0,0,0,1,0,447.423
0,0,0,0,0,1,1,1,0,0,0,1,0,380.84
0,0,0,1,0,1,1,1,0,0,0,1,0,447.137
0,1,0,0,0,1,0,1,0,0,0,1,0,378.417
0,1,0,0,0,1,1,1,0,0,0,1,0,378.283
0,1,0,1,0,1,0,1,0,0,0,1,0,443.92
0,1,0,1,0,1,1,1,0,0,0,1,0,443.647
0,0,0,0,1,0,0,1,0,0,0,1,0,519.587
0,0,0,1,1,0,0,1,0,0,0,1,0,571.567
0,1,0,0,1,0,0,1,0,0,0,1,0,511.693
0,1,0,1,1,0,0,1,0,0,0,1,0,562.57
0,0,0,0,1,1,0,1,0,0,0,1,0,433.223
0,1,0,0,1,1,0,1,0,0,0,1,0,428.427
0,0,0,1,1,1,0,1,0,0,0,1,0,482.903
0,1,0,1,1,1,0,1,0,0,0,1,0,476.997
0,0,0,0,1,0,1,1,0,0,0,1,0,519.027
0,0,0,1,1,0,1,1,0,0,0,1,0,571.35
0,0,0,0,1,1,1,1,0,0,0,1,0,433.267
0,0,0,1,1,1,1,1,0,0,0,1,0,482.59
0,1,0,0,1,0,1,1,0,0,0,1,0,511.48
0,1,0,0,1,1,1,1,0,0,0,1,0,428.083
0,1,0,1,1,0,1,1,0,0,0,1,0,562.183
0,1,0,1,1,1,1,1,0,0,0,1,0,476.937
0,0,1,0,0,0,0,1,0,0,0,1,0,444.71
0,0,1,1,0,0,0,1,0,0,0,1,0,516.22
0,1,1,0,0,0,0,1,0,0,0,1,0,437.92
0,1,1,1,0,0,0,1,0,0,0,1,0,507.403
0,0,1,0,0,0,1,1,0,0,0,1,0,444.52
0,1,1,0,0,0,1,1,0,0,0,1,0,437.483
0,0,1,1,0,0,1,1,0,0,0,1,0,515.687
0,1,1,1,0,0,1,1,0,0,0,1,0,506.93
0,0,1,0,1,0,0,1,0,0,0,1,0,521.7
0,0,1,1,1,0,0,1,0,0,0,1,0,573.653
0,0,1,0,1,0,1,1,0,0,0,1,0,521.443
0,0,1,1,1,0,1,1,0,0,0,1,0,573.46
0,1,1,0,1,0,0,1,0,0,0,1,0,513.233
0,1,1,0,1,0,1,1,0,0,0,1,0,512.87
0,1,1,1,1,0,0,1,0,0,0,1,0,564.093
0,1,1,1,1,0,1,1,0,0,0,1,0,564.063
0,0,1,0,0,1,0,1,0,0,0,1,0,380.147
0,0,1,1,0,1,0,1,0,0,0,1,0,446.68
0,1,1,0,0,1,0,1,0,0,0,1,0,377.83
0,1,1,1,0,1,0,1,0,0,0,1,0,442.81
0,0,1,0,1,1,0,1,0,0,0,1,0,432.773
0,1,1,0,1,1,0,1,0,0,0,1,0,427.66
0,0,1,1,1,1,0,1,0,0,0,1,0,482.373
0,1,1,1,1,1,0,1,0,0,0,1,0,476.223
0,0,1,0,0,1,1,1,0,0,0,1,0,380.1
0,0,1,1,0,1,1,1,0,0,0,1,0,446.25
0,0,1,0,1,1,1,1,0,0,0,1,0,432.723
0,0,1,1,1,1,1,1,0,0,0,1,0,482.083
0,1,1,0,0,1,1,1,0,0,0,1,0,377.503
0,1,1,0,1,1,1,1,0,0,0,1,0,427.493
0,1,1,1,0,1,1,1,0,0,0,1,0,442.5
0,1,1,1,1,1,1,1,0,0,0,1,0,476.1
1,0,0,0,0,0,0,1,0,0,0,1,0,423.077
1,0,0,1,0,0,0,1,0,0,0,1,0,492.127
1,1,0,0,0,0,0,1,0,0,0,1,0,416.887
1,1,0,1,0,0,0,1,0,0,0,1,0,484.853
1,0,0,0,0,0,1,1,0,0,0,1,0,422.647
1,1,0,0,0,0,1,1,0,0,0,1,0,416.263
1,0,0,1,0,0,1,1,0,0,0,1,0,491.687
1,1,0,1,0,0,1,1,0,0,0,1,0,484.29
1,0,0,0,0,1,0,1,0,0,0,1,0,367.963
1,0,0,1,0,1,0,1,0,0,0,1,0,432.143
1,0,0,0,0,1,1,1,0,0,0,1,0,367.543
1,0,0,1,0,1,1,1,0,0,0,1,0,432.03
1,1,0,0,0,1,0,1,0,0,0,1,0,362.627
1,1,0,0,0,1,1,1,0,0,0,1,0,362.613
1,1,0,1,0,1,0,1,0,0,0,1,0,426.527
1,1,0,1,0,1,1,1,0,0,0,1,0,426.443
1,0,1,0,0,0,0,1,0,0,0,1,0,425.063
1,0,1,1,0,0,0,1,0,0,0,1,0,493.307
1,1,1,0,0,0,0,1,0,0,0,1,0,418.19
1,1,1,1,0,0,0,1,0,0,0,1,0,485.537
1,0,1,0,0,1,0,1,0,0,0,1,0,367.067
1,1,1,0,0,1,0,1,0,0,0,1,0,362.037
1,0,1,1,0,1,0,1,0,0,0,1,0,431
1,1,1,1,0,1,0,1,0,0,0,1,0,425.247
1,0,1,0,0,0,1,1,0,0,0,1,0,424.49
1,0,1,1,0,0,1,1,0,0,0,1,0,492.663
1,0,1,0,0,1,1,1,0,0,0,1,0,366.837
1,0,1,1,0,1,1,1,0,0,0,1,0,430.697
1,1,1,0,0,0,1,1,0,0,0,1,0,417.633
1,1,1,0,0,1,1,1,0,0,0,1,0,361.703
1,1,1,1,0,0,1,1,0,0,0,1,0,485.35
1,1,1,1,0,1,1,1,0,0,0,1,0,424.89
1,0,0,0,1,0,0,1,0,0,0,1,0,492.623
1,0,0,1,1,0,0,1,0,0,0,1,0,543.59
1,1,0,0,1,0,0,1,0,0,0,1,0,485.66
1,1,0,1,1,0,0,1,0,0,0,1,0,535.627
1,0,0,0,1,0,1,1,0,0,0,1,0,492.267
1,1,0,0,1,0,1,1,0,0,0,1,0,485.583
1,0,0,1,1,0,1,1,0,0,0,1,0,543.03
1,1,0,1,1,0,1,1,0,0,0,1,0,535.697
1,0,1,0,1,0,0,1,0,0,0,1,0,494.257
1,0,1,1,1,0,0,1,0,0,0,1,0,545.017
1,0,1,0,1,0,1,1,0,0,0,1,0,493.987
1,0,1,1,1,0,1,1,0,0,0,1,0,544.507
1,1,1,0,1,0,0,1,0,0,0,1,0,487.09
1,1,1,0,1,0,1,1,0,0,0,1,0,486.817
1,1,1,1,1,0,0,1,0,0,0,1,0,537.153
1,1,1,1,1,0,1,1,0,0,0,1,0,536.95
1,0,0,0,1,1,0,1,0,0,0,1,0,414.833
1,0,0,1,1,1,0,1,0,0,0,1,0,463.24
1,1,0,0,1,1,0,1,0,0,0,1,0,408.84
1,1,0,1,1,1,0,1,0,0,0,1,0,456.74
1,0,1,0,1,1,0,1,0,0,0,1,0,414.23
1,1,1,0,1,1,0,1,0,0,0,1,0,408.07
1,0,1,1,1,1,0,1,0,0,0,1,0,462.627
1,1,1,1,1,1,0,1,0,0,0,1,0,455.64
1,0,0,0,1,1,1,1,0,0,0,1,0,414.737
1,0,0,1,1,1,1,1,0,0,0,1,0,463.363
1,0,1,0,1,1,1,1,0,0,0,1,0,414.033
1,0,1,1,1,1,1,1,0,0,0,1,0,462.473
1,1,0,0,1,1,1,1,0,0,0,1,0,408.627
1,1,1,0,1,1,1,1,0,0,0,1,0,407.757
1,1,0,1,1,1,1,1,0,0,0,1,0,456.37
1,1,1,1,1,1,1,1,0,0,0,1,0,455.493
0,0,0,0,0,0,0,1,0,0,0,0,1,611.043
0,0,0,1,0,0,0,1,0,0,0,0,1,740.21
0,1,0,0,0,0,0,1,0,0,0,0,1,602.713
0,1,0,1,0,0,0,1,0,0,0,0,1,730.01
0,0,0,0,0,0,1,1,0,0,0,0,1,610.823
0,1,0,0,0,0,1,1,0,0,0,0,1,601.59
0,0,0,1,0,0,1,1,0,0,0,0,1,739.903
0,1,0,1,0,0,1,1,0,0,0,0,1,729.3
0,0,0,0,0,1,0,1,0,0,0,0,1,510.01
0,0,0,1,0,1,0,1,0,0,0,0,1,631.043
0,0,0,0,0,1,1,1,0,0,0,0,1,509.523
0,0,0,1,0,1,1,1,0,0,0,0,1,630.577
0,1,0,0,0,1,0,1,0,0,0,0,1,507.247
0,1,0,0,0,1,1,1,0,0,0,0,1,506.88
0,1,0,1,0,1,0,1,0,0,0,0,1,627.053
0,1,0,1,0,1,1,1,0,0,0,0,1,627.113
0,0,0,0,1,0,0,1,0,0,0,0,1,721.487
0,0,0,1,1,0,0,1,0,0,0,0,1,817.793
0,1,0,0,1,0,0,1,0,0,0,0,1,712.743
0,1,0,1,1,0,0,1,0,0,0,0,1,807.333
0,0,0,0,1,1,0,1,0,0,0,0,1,580.737
0,1,0,0,1,1,0,1,0,0,0,0,1,576.54
0,0,0,1,1,1,0,1,0,0,0,0,1,672.373
0,1,0,1,1,1,0,1,0,0,0,0,1,666.553
0,0,0,0,1,0,1,1,0,0,0,0,1,721.757
0,0,0,1,1,0,1,1,0,0,0,0,1,817.34
0,0,0,0,1,1,1,1,0,0,0,0,1,580.73
0,0,0,1,1,1,1,1,0,0,0,0,1,672.137
0,1,0,0,1,0,1,1,0,0,0,0,1,712.81
0,1,0,0,1,1,1,1,0,0,0,0,1,576.217
0,1,0,1,1,0,1,1,0,0,0,0,1,807.017
0,1,0,1,1,1,1,1,0,0,0,0,1,666.25
1,0,0,0,0,0,0,1,0,0,0,0,1,585.35
1,0,0,1,0,0,0,1,0,0,0,0,1,711.233
1,1,0,0,0,0,0,1,0,0,0,0,1,579.177
1,1,0,1,0,0,0,1,0,0,0,0,1,704.22
1,0,0,0,0,0,1,1,0,0,0,0,1,584.82
1,1,0,0,0,0,1,1,0,0,0,0,1,579.023
1,0,0,1,0,0,1,1,0,0,0,0,1,711.293
1,1,0,1,0,0,1,1,0,0,0,0,1,703.5
1,0,0,0,1,0,0,1,0,0,0,0,1,687.39
1,0,0,1,1,0,0,1,0,0,0,0,1,780.93
1,0,0,0,1,0,1,1,0,0,0,0,1,687.093
1,0,0,1,1,0,1,1,0,0,0,0,1,780.657
1,1,0,0,1,0,0,1,0,0,0,0,1,680.647
1,1,0,0,1,0,1,1,0,0,0,0,1,680.617
1,1,0,1,1,0,0,1,0,0,0,0,1,773.67
1,1,0,1,1,0,1,1,0,0,0,0,1,773.277
1,0,0,0,0,1,0,1,0,0,0,0,1,496.893
1,0,0,1,0,1,0,1,0,0,0,0,1,615.337
1,1,0,0,0,1,0,1,0,0,0,0,1,491.52
1,1,0,1,0,1,0,1,0,0,0,0,1,609.33
1,0,0,0,1,1,0,1,0,0,0,0,1,561.927
1,1,0,0,1,1,0,1,0,0,0,0,1,556.513
1,0,0,1,1,1,0,1,0,0,0,0,1,652.467
1,1,0,1,1,1,0,1,0,0,0,0,1,645.447
1,0,0,0,0,1,1,1,0,0,0,0,1,496.23
1,0,0,1,0,1,1,1,0,0,0,0,1,615.057
1,0,0,0,1,1,1,1,0,0,0,0,1,561.96
1,0,0,1,1,1,1,1,0,0,0,0,1,652.55
1,1,0,0,0,1,1,1,0,0,0,0,1,491.237
1,1,0,0,1,1,1,1,0,0,0,0,1,556.327
1,1,0,1,0,1,1,1,0,0,0,0,1,608.997
1,1,0,1,1,1,1,1,0,0,0,0,1,645.377
0,0,1,0,0,0,0,1,0,0,0,0,1,615.287
0,0,1,1,0,0,0,1,0,0,0,0,1,743.163
0,1,1,0,0,0,0,1,0,0,0,0,1,605.273
0,1,1,1,0,0,0,1,0,0,0,0,1,732.007
0,0,1,0,0,0,1,1,0,0,0,0,1,614.57
0,1,1,0,0,0,1,1,0,0,0,0,1,604.917
0,0,1,1,0,0,1,1,0,0,0,0,1,743.123
0,1,1,1,0,0,1,1,0,0,0,0,1,731.193
0,0,1,0,0,1,0,1,0,0,0,0,1,508.71
0,0,1,1,0,1,0,1,0,0,0,0,1,629.62
0,0,1,0,0,1,1,1,0,0,0,0,1,508.423
0,0,1,1,0,1,1,1,0,0,0,0,1,629.39
0,1,1,0,0,1,0,1,0,0,0,0,1,506.36
0,1,1,0,0,1,1,1,0,0,0,0,1,506.223
0,1,1,1,0,1,0,1,0,0,0,0,1,625.797
0,1,1,1,0,1,1,1,0,0,0,0,1,625.71
1,0,1,0,0,0,0,1,0,0,0,0,1,588.673
1,0,1,1,0,0,0,1,0,0,0,0,1,713.673
1,1,1,0,0,0,0,1,0,0,0,0,1,581.407
1,1,1,1,0,0,0,1,0,0,0,0,1,705.453
1,0,1,0,0,1,0,1,0,0,0,0,1,495.723
1,1,1,0,0,1,0,1,0,0,0,0,1,490.473
1,0,1,1,0,1,0,1,0,0,0,0,1,613.763
1,1,1,1,0,1,0,1,0,0,0,0,1,607.627
1,0,1,0,0,0,1,1,0,0,0,0,1,588.67
1,0,1,1,0,0,1,1,0,0,0,0,1,713.39
1,0,1,0,0,1,1,1,0,0,0,0,1,495.49
1,0,1,1,0,1,1,1,0,0,0,0,1,613.397
1,1,1,0,0,0,1,1,0,0,0,0,1,581.243
1,1,1,0,0,1,1,1,0,0,0,0,1,490.043
1,1,1,1,0,0,1,1,0,0,0,0,1,704.807
1,1,1,1,0,1,1,1,0,0,0,0,1,607.377
0,0,1,0,1,0,0,1,0,0,0,0,1,726.89
0,0,1,1,1,0,0,1,0,0,0,0,1,821.52
0,1,1,0,1,0,0,1,0,0,0,0,1,716.033
0,1,1,1,1,0,0,1,0,0,0,0,1,809.937
0,0,1,0,1,0,1,1,0,0,0,0,1,726.51
0,1,1,0,1,0,1,1,0,0,0,0,1,715.923
0,0,1,1,1,0,1,1,0,0,0,0,1,821.963
0,1,1,1,1,0,1,1,0,0,0,0,1,809.57
1,0,1,0,1,0,0,1,0,0,0,0,1,690.59
1,0,1,1,1,0,0,1,0,0,0,0,1,784.02
1,0,1,0,1,0,1,1,0,0,0,0,1,690.463
1,0,1,1,1,0,1,1,0,0,0,0,1,783.493
1,1,1,0,1,0,0,1,0,0,0,0,1,683.75
1,1,1,0,1,0,1,1,0,0,0,0,1,683.42
1,1,1,1,1,0,0,1,0,0,0,0,1,775.853
1,1,1,1,1,0,1,1,0,0,0,0,1,775.803
0,0,1,0,1,1,0,1,0,0,0,0,1,580.543
0,0,1,1,1,1,0,1,0,0,0,0,1,671.73
0,1,1,0,1,1,0,1,0,0,0,0,1,575.863
0,1,1,1,1,1,0,1,0,0,0,0,1,665.223
1,0,1,0,1,1,0,1,0,0,0,0,1,561.79
1,1,1,0,1,1,0,1,0,0,0,0,1,555.58
1,0,1,1,1,1,0,1,0,0,0,0,1,651.703
1,1,1,1,1,1,0,1,0,0,0,0,1,644.157
0,0,1,0,1,1,1,1,0,0,0,0,1,580.373
0,0,1,1,1,1,1,1,0,0,0,0,1,671.4
1,0,1,0,1,1,1,1,0,0,0,0,1,561.373
1,0,1,1,1,1,1,1,0,0,0,0,1,651.203
0,1,1,0,1,1,1,1,0,0,0,0,1,575.477
1,1,1,0,1,1,1,1,0,0,0,0,1,555.203
0,1,1,1,1,1,1,1,0,0,0,0,1,665.283
1,1,1,1,1,1,1,1,0,0,0,0,1,643.96
0,0,0,0,0,0,0,0,0,1,0,0,1,613.447
0,0,0,1,0,0,0,0,0,1,0,0,1,742.463
0,1,0,0,0,0,0,0,0,1,0,0,1,604.887
0,1,0,1,0,0,0,0,0,1,0,0,1,731.76
0,0,0,0,0,0,1,0,0,1,0,0,1,613.517
0,1,0,0,0,0,1,0,0,1,0,0,1,604.483
0,0,0,1,0,0,1,0,0,1,0,0,1,741.887
0,1,0,1,0,0,1,0,0,1,0,0,1,731.41
0,0,0,0,0,1,0,0,0,1,0,0,1,511.507
0,0,0,1,0,1,0,0,0,1,0,0,1,632.943
0,0,0,0,0,1,1,0,0,1,0,0,1,511.733
0,0,0,1,0,1,1,0,0,1,0,0,1,632.827
0,1,0,0,0,1,0,0,0,1,0,0,1,509.893
0,1,0,0,0,1,1,0,0,1,0,0,1,509.473
0,1,0,1,0,1,0,0,0,1,0,0,1,629.337
0,1,0,1,0,1,1,0,0,1,0,0,1,629.397
0,0,0,0,1,0,0,0,0,1,0,0,1,721.873
0,0,0,1,1,0,0,0,0,1,0,0,1,817.99
0,1,0,0,1,0,0,0,0,1,0,0,1,712.87
0,1,0,1,1,0,0,0,0,1,0,0,1,807.437
0,0,0,0,1,1,0,0,0,1,0,0,1,580.74
0,1,0,0,1,1,0,0,0,1,0,0,1,576.48
0,0,0,1,1,1,0,0,0,1,0,0,1,672.6
0,1,0,1,1,1,0,0,0,1,0,0,1,666.687
0,0,0,0,1,0,1,0,0,1,0,0,1,721.867
0,0,0,1,1,0,1,0,0,1,0,0,1,817.353
0,0,0,0,1,1,1,0,0,1,0,0,1,580.607
0,0,0,1,1,1,1,0,0,1,0,0,1,672.207
0,1,0,0,1,0,1,0,0,1,0,0,1,712.727
0,1,0,0,1,1,1,0,0,1,0,0,1,576.247
0,1,0,1,1,0,1,0,0,1,0,0,1,806.923
0,1,0,1,1,1,1,0,0,1,0,0,1,666.33
0,0,1,0,0,0,0,0,0,1,0,0,1,617.42
0,0,1,1,0,0,0,0,0,1,0,0,1,745.597
0,1,1,0,0,0,0,0,0,1,0,0,1,607.927
0,1,1,1,0,0,0,0,0,1,0,0,1,734.21
0,0,1,0,0,0,1,0,0,1,0,0,1,616.96
0,1,1,0,0,0,1,0,0,1,0,0,1,607.7
0,0,1,1,0,0,1,0,0,1,0,0,1,745.443
0,1,1,1,0,0,1,0,0,1,0,0,1,733.763
0,0,1,0,1,0,0,0,0,1,0,0,1,726.917
0,0,1,1,1,0,0,0,0,1,0,0,1,821.76
0,0,1,0,1,0,1,0,0,1,0,0,1,726.6
0,0,1,1,1,0,1,0,0,1,0,0,1,821.51
0,1,1,0,1,0,0,0,0,1,0,0,1,715.827
0,1,1,0,1,0,1,0,0,1,0,0,1,715.747
0,1,1,1,1,0,0,0,0,1,0,0,1,809.807
0,1,1,1,1,0,1,0,0,1,0,0,1,809.53
0,0,1,0,0,1,0,0,0,1,0,0,1,510.837
0,0,1,1,0,1,0,0,0,1,0,0,1,631.737
0,1,1,0,0,1,0,0,0,1,0,0,1,508.767
0,1,1,1,0,1,0,0,0,1,0,0,1,628.15
0,0,1,0,1,1,0,0,0,1,0,0,1,580.477
0,1,1,0,1,1,0,0,0,1,0,0,1,575.663
0,0,1,1,1,1,0,0,0,1,0,0,1,671.747
0,1,1,1,1,1,0,0,0,1,0,0,1,665.2
0,0,1,0,0,1,1,0,0,1,0,0,1,510.89
0,0,1,1,0,1,1,0,0,1,0,0,1,631.583
0,0,1,0,1,1,1,0,0,1,0,0,1,580.41
0,0,1,1,1,1,1,0,0,1,0,0,1,671.55
0,1,1,0,0,1,1,0,0,1,0,0,1,508.607
0,1,1,0,1,1,1,0,0,1,0,0,1,575.553
0,1,1,1,0,1,1,0,0,1,0,0,1,627.813
0,1,1,1,1,1,1,0,0,1,0,0,1,665.167
1,0,0,0,0,0,0,0,0,1,0,0,1,588.54
1,0,0,1,0,0,0,0,0,1,0,0,1,713.577
1,1,0,0,0,0,0,0,0,1,0,0,1,581.813
1,1,0,1,0,0,0,0,0,1,0,0,1,706.247
1,0,0,0,0,0,1,0,0,1,0,0,1,588.2
1,1,0,0,0,0,1,0,0,1,0,0,1,581.717
1,0,0,1,0,0,1,0,0,1,0,0,1,712.953
1,1,0,1,0,0,1,0,0,1,0,0,1,706.063
1,0,0,0,0,1,0,0,0,1,0,0,1,499.27
1,0,0,1,0,1,0,0,0,1,0,0,1,617.207
1,0,0,0,0,1,1,0,0,1,0,0,1,498.827
1,0,0,1,0,1,1,0,0,1,0,0,1,616.97
1,1,0,0,0,1,0,0,0,1,0,0,1,493.96
1,1,0,0,0,1,1,0,0,1,0,0,1,493.543
1,1,0,1,0,1,0,0,0,1,0,0,1,611.6
1,1,0,1,0,1,1,0,0,1,0,0,1,611.433
1,0,1,0,0,0,0,0,0,1,0,0,1,590.55
1,0,1,1,0,0,0,0,0,1,0,0,1,715.737
1,1,1,0,0,0,0,0,0,1,0,0,1,584.977
1,1,1,1,0,0,0,0,0,1,0,0,1,707.597
1,0,1,0,0,1,0,0,0,1,0,0,1,497.803
1,1,1,0,0,1,0,0,0,1,0,0,1,493.007
1,0,1,1,0,1,0,0,0,1,0,0,1,615.9
1,1,1,1,0,1,0,0,0,1,0,0,1,609.887
1,0,1,0,0,0,1,0,0,1,0,0,1,590.837
1,0,1,1,0,0,1,0,0,1,0,0,1,715.583
1,0,1,0,0,1,1,0,0,1,0,0,1,497.37
1,0,1,1,0,1,1,0,0,1,0,0,1,616.133
1,1,1,0,0,0,1,0,0,1,0,0,1,583.847
1,1,1,0,0,1,1,0,0,1,0,0,1,492.427
1,1,1,1,0,0,1,0,0,1,0,0,1,707.493
1,1,1,1,0,1,1,0,0,1,0,0,1,609.697
1,0,0,0,1,0,0,0,0,1,0,0,1,687.473
1,0,0,1,1,0,0,0,0,1,0,0,1,781.163
1,1,0,0,1,0,0,0,0,1,0,0,1,680.563
1,1,0,1,1,0,0,0,0,1,0,0,1,773.437
1,0,0,0,1,0,1,0,0,1,0,0,1,687.033
1,1,0,0,1,0,1,0,0,1,0,0,1,680.727
1,0,0,1,1,0,1,0,0,1,0,0,1,780.79
1,1,0,1,1,0,1,0,0,1,0,0,1,773.463
1,0,1,0,1,0,0,0,0,1,0,0,1,690.873
1,0,1,1,1,0,0,0,0,1,0,0,1,783.783
1,0,1,0,1,0,1,0,0,1,0,0,1,690.39
1,0,1,1,1,0,1,0,0,1,0,0,1,783.517
1,1,1,0,1,0,0,0,0,1,0,0,1,683.52
1,1,1,0,1,0,1,0,0,1,0,0,1,683.543
1,1,1,1,1,0,0,0,0,1,0,0,1,775.81
1,1,1,1,1,0,1,0,0,1,0,0,1,775.68
1,0,0,0,1,1,0,0,0,1,0,0,1,561.847
1,0,0,1,1,1,0,0,0,1,0,0,1,652.483
1,1,0,0,1,1,0,0,0,1,0,0,1,556.63
1,1,0,1,1,1,0,0,0,1,0,0,1,645.51
1,0,1,0,1,1,0,0,0,1,0,0,1,561.933
1,1,1,0,1,1,0,0,0,1,0,0,1,555.633
1,0,1,1,1,1,0,0,0,1,0,0,1,651.64
1,1,1,1,1,1,0,0,0,1,0,0,1,644.16
1,0,0,0,1,1,1,0,0,1,0,0,1,561.97
1,0,0,1,1,1,1,0,0,1,0,0,1,652.373
1,0,1,0,1,1,1,0,0,1,0,0,1,561.333
1,0,1,1,1,1,1,0,0,1,0,0,1,651.2
1,1,0,0,1,1,1,0,0,1,0,0,1,556.34
1,1,1,0,1,1,1,0,0,1,0,0,1,555.18
1,1,0,1,1,1,1,0,0,1,0,0,1,645.38
1,1,1,1,1,1,1,0,0,1,0,0,1,644.033
0,0,0,0,0,0,0,0,1,0,0,0,1,612.97
0,1,0,0,0,0,0,0,1,0,0,0,1,604.747
0,0,0,0,0,0,1,0,1,0,0,0,1,612.643
0,1,0,0,0,0,1,0,1,0,0,0,1,604.123
0,0,0,0,0,1,0,0,1,0,0,0,1,511.153
0,0,0,0,0,1,1,0,1,0,0,0,1,510.857
0,1,0,0,0,1,0,0,1,0,0,0,1,509.37
0,1,0,0,0,1,1,0,1,0,0,0,1,509.033
0,0,0,0,1,0,0,0,1,0,0,0,1,721.563
0,1,0,0,1,0,0,0,1,0,0,0,1,712.917
0,0,0,0,1,1,0,0,1,0,0,0,1,580.877
0,1,0,0,1,1,0,0,1,0,0,0,1,576.41
0,0,0,0,1,0,1,0,1,0,0,0,1,722.037
0,0,0,0,1,1,1,0,1,0,0,0,1,580.627
0,1,0,0,1,0,1,0,1,0,0,0,1,712.637
0,1,0,0,1,1,1,0,1,0,0,0,1,576.277
1,0,0,0,0,0,0,0,1,0,0,0,1,587.773
1,1,0,0,0,0,0,0,1,0,0,0,1,581.513
1,0,0,0,0,0,1,0,1,0,0,0,1,587.24
1,1,0,0,0,0,1,0,1,0,0,0,1,581.107
1,0,0,0,1,0,0,0,1,0,0,0,1,687.6
1,0,0,0,1,0,1,0,1,0,0,0,1,687.147
1,1,0,0,1,0,0,0,1,0,0,0,1,680.557
1,1,0,0,1,0,1,0,1,0,0,0,1,680.477
1,0,0,0,0,1,0,0,1,0,0,0,1,498.49
1,1,0,0,0,1,0,0,1,0,0,0,1,493.277
1,0,0,0,1,1,0,0,1,0,0,0,1,561.96
1,1,0,0,1,1,0,0,1,0,0,0,1,556.513
1,0,0,0,0,1,1,0,1,0,0,0,1,497.99
1,0,0,0,1,1,1,0,1,0,0,0,1,562.067
1,1,0,0,0,1,1,0,1,0,0,0,1,492.937
1,1,0,0,1,1,1,0,1,0,0,0,1,556.307
0,0,0,1,0,0,0,0,1,0,0,0,1,741.59
0,1,0,1,0,0,0,0,1,0,0,0,1,731.353
0,0,0,1,0,0,1,0,1,0,0,0,1,741.207
0,1,0,1,0,0,1,0,1,0,0,0,1,731.217
0,0,0,1,0,1,0,0,1,0,0,0,1,632.127
0,0,0,1,0,1,1,0,1,0,0,0,1,632.063
0,1,0,1,0,1,0,0,1,0,0,0,1,628.757
0,1,0,1,0,1,1,0,1,0,0,0,1,628.497
1,0,0,1,0,0,0,0,1,0,0,0,1,712.54
1,1,0,1,0,0,0,0,1,0,0,0,1,705.397
1,0,0,1,0,1,0,0,1,0,0,0,1,616.687
1,1,0,1,0,1,0,0,1,0,0,0,1,610.957
1,0,0,1,0,0,1,0,1,0,0,0,1,712.667
1,0,0,1,0,1,1,0,1,0,0,0,1,616.61
1,1,0,1,0,0,1,0,1,0,0,0,1,705.213
1,1,0,1,0,1,1,0,1,0,0,0,1,610.687
0,0,0,1,1,0,0,0,1,0,0,0,1,818.04
0,1,0,1,1,0,0,0,1,0,0,0,1,807.273
0,0,0,1,1,0,1,0,1,0,0,0,1,817.34
0,1,0,1,1,0,1,0,1,0,0,0,1,807
1,0,0,1,1,0,0,0,1,0,0,0,1,780.93
1,0,0,1,1,0,1,0,1,0,0,0,1,780.757
1,1,0,1,1,0,0,0,1,0,0,0,1,773.387
1,1,0,1,1,0,1,0,1,0,0,0,1,773.22
0,0,0,1,1,1,0,0,1,0,0,0,1,672.413
0,1,0,1,1,1,0,0,1,0,0,0,1,666.503
1,0,0,1,1,1,0,0,1,0,0,0,1,652.653
1,1,0,1,1,1,0,0,1,0,0,0,1,645.54
0,0,0,1,1,1,1,0,1,0,0,0,1,672.213
1,0,0,1,1,1,1,0,1,0,0,0,1,652.433
0,1,0,1,1,1,1,0,1,0,0,0,1,666.493
1,1,0,1,1,1,1,0,1,0,0,0,1,645.303
0,0,1,0,0,0,0,0,1,0,0,0,1,616.62
0,1,1,0,0,0,0,0,1,0,0,0,1,607.537
0,0,1,0,0,0,1,0,1,0,0,0,1,616.087
0,1,1,0,0,0,1,0,1,0,0,0,1,607.033
0,0,1,0,0,1,0,0,1,0,0,0,1,510.183
0,0,1,0,0,1,1,0,1,0,0,0,1,510.017
0,1,1,0,0,1,0,0,1,0,0,0,1,508.34
0,1,1,0,0,1,1,0,1,0,0,0,1,508.003
0,0,1,0,1,0,0,0,1,0,0,0,1,726.79
0,1,1,0,1,0,0,0,1,0,0,0,1,715.993
0,0,1,0,1,1,0,0,1,0,0,0,1,580.543
0,1,1,0,1,1,0,0,1,0,0,0,1,575.7
0,0,1,0,1,0,1,0,1,0,0,0,1,726.643
0,0,1,0,1,1,1,0,1,0,0,0,1,580.577
0,1,1,0,1,0,1,0,1,0,0,0,1,715.907
0,1,1,0,1,1,1,0,1,0,0,0,1,575.397
0,0,1,1,0,0,0,0,1,0,0,0,1,744.893
0,1,1,1,0,0,0,0,1,0,0,0,1,733.777
0,0,1,1,0,0,1,0,1,0,0,0,1,744.26
0,1,1,1,0,0,1,0,1,0,0,0,1,733.217
0,0,1,1,1,0,0,0,1,0,0,0,1,821.527
0,0,1,1,1,0,1,0,1,0,0,0,1,821.757
0,1,1,1,1,0,0,0,1,0,0,0,1,809.97
0,1,1,1,1,0,1,0,1,0,0,0,1,809.5
0,0,1,1,0,1,0,0,1,0,0,0,1,631.283
0,1,1,1,0,1,0,0,1,0,0,0,1,627.5
0,0,1,1,1,1,0,0,1,0,0,0,1,671.697
0,1,1,1,1,1,0,0,1,0,0,0,1,665.293
0,0,1,1,0,1,1,0,1,0,0,0,1,631.053
0,0,1,1,1,1,1,0,1,0,0,0,1,671.5
0,1,1,1,0,1,1,0,1,0,0,0,1,627.24
0,1,1,1,1,1,1,0,1,0,0,0,1,665.23
1,0,1,0,0,0,0,0,1,0,0,0,1,590.18
1,1,1,0,0,0,0,0,1,0,0,0,1,583.527
1,0,1,0,0,0,1,0,1,0,0,0,1,589.74
1,1,1,0,0,0,1,0,1,0,0,0,1,583.427
1,0,1,0,0,1,0,0,1,0,0,0,1,497.333
1,0,1,0,0,1,1,0,1,0,0,0,1,496.78
1,1,1,0,0,1,0,0,1,0,0,0,1,492.13
1,1,1,0,0,1,1,0,1,0,0,0,1,491.697
1,0,1,1,0,0,0,0,1,0,0,0,1,715.25
1,1,1,1,0,0,0,0,1,0,0,0,1,706.833
1,0,1,1,0,1,0,0,1,0,0,0,1,615.093
1,1,1,1,0,1,0,0,1,0,0,0,1,609.2
1,0,1,1,0,0,1,0,1,0,0,0,1,714.667
1,0,1,1,0,1,1,0,1,0,0,0,1,615.06
1,1,1,1,0,0,1,0,1,0,0,0,1,706.59
1,1,1,1,0,1,1,0,1,0,0,0,1,608.68
1,0,1,0,1,0,0,0,1,0,0,0,1,690.717
1,1,1,0,1,0,0,0,1,0,0,0,1,683.763
1,0,1,0,1,0,1,0,1,0,0,0,1,690.217
1,1,1,0,1,0,1,0,1,0,0,0,1,683.257
1,0,1,1,1,0,0,0,1,0,0,0,1,783.877
1,0,1,1,1,0,1,0,1,0,0,0,1,783.777
1,1,1,1,1,0,0,0,1,0,0,0,1,775.663
1,1,1,1,1,0,1,0,1,0,0,0,1,775.54
1,0,1,0,1,1,0,0,1,0,0,0,1,561.743
1,1,1,0,1,1,0,0,1,0,0,0,1,555.613
1,0,1,1,1,1,0,0,1,0,0,0,1,651.49
1,1,1,1,1,1,0,0,1,0,0,0,1,644.357
1,0,1,0,1,1,1,0,1,0,0,0,1,561.42
1,0,1,1,1,1,1,0,1,0,0,0,1,651.287
1,1,1,0,1,1,1,0,1,0,0,0,1,555.26
1,1,1,1,1,1,1,0,1,0,0,0,1,643.983
